
CREATE TABLE tigo.tbl_boc_logins (
    id SERIAL PRIMARY KEY,
    usuario TEXT NOT NULL,
    tipo_usuario TEXT,
    territorio TEXT,
    correo TEXT NOT NULL,
    observacion TEXT,
    log TEXT,
    fecha_log TIMESTAMP,
    pass TEXT NOT NULL
);



create table TBL_BOC_ESTADOS(
    ID_ESTADO INTEGER primary KEY,
    NOMBRE_ESTADO VARCHAR(100)
);

Insert into TBL_BOC_ESTADOS (ID_ESTADO,NOMBRE_ESTADO) values (1,'INACTIVO');
Insert into TBL_BOC_ESTADOS (ID_ESTADO,NOMBRE_ESTADO) values (2,'ACTIVO');
commit;

create table TBL_BOC_CANALES(
    ID_CANAL INTEGER primary key,
    NOMBRE_CANAL VARCHAR(100),
    ID_ESTADO INTEGER ,
    constraint FK_ESTADO foreign key (ID_ESTADO) references TBL_BOC_ESTADOS(ID_ESTADO)
);

Insert into TBL_BOC_CANALES (ID_CANAL,NOMBRE_CANAL,ID_ESTADO) values (3,'CVE',1);
Insert into TBL_BOC_CANALES (ID_CANAL,NOMBRE_CANAL,ID_ESTADO) values (4,'CVS',1);
Insert into TBL_BOC_CANALES (ID_CANAL,NOMBRE_CANAL,ID_ESTADO) values (5,'DEALER',1);
Insert into TBL_BOC_CANALES (ID_CANAL,NOMBRE_CANAL,ID_ESTADO) values (9,'VENTA DIRECTA',1);
Insert into TBL_BOC_CANALES (ID_CANAL,NOMBRE_CANAL,ID_ESTADO) values (7,'TODOS',1);
Insert into TBL_BOC_CANALES (ID_CANAL,NOMBRE_CANAL,ID_ESTADO) values (2,'CADENA',1);
Insert into TBL_BOC_CANALES (ID_CANAL,NOMBRE_CANAL,ID_ESTADO) values (1,'BANCO',1);
Insert into TBL_BOC_CANALES (ID_CANAL,NOMBRE_CANAL,ID_ESTADO) values (8,'VAS',1);
Insert into TBL_BOC_CANALES (ID_CANAL,NOMBRE_CANAL,ID_ESTADO) values (-1,'NO APLICA',1);
Insert into TBL_BOC_CANALES (ID_CANAL,NOMBRE_CANAL,ID_ESTADO) values (6,'TIGO MONEY',1);
commit;


create table TBL_BOC_TERRITORIOS (
    ID_TERRITORIO INTEGER primary key,
    NOMBRE_TERRITORIO VARCHAR(100),
    ID_ESTADO INTEGER ,
    constraint FK_ESTADO_TERRITORIO foreign key (ID_ESTADO) references TBL_BOC_ESTADOS(ID_ESTADO)
);

Insert into TBL_BOC_TERRITORIOS (ID_TERRITORIO,NOMBRE_TERRITORIO,ID_ESTADO) values (1,'CENTRO',1);
Insert into TBL_BOC_TERRITORIOS (ID_TERRITORIO,NOMBRE_TERRITORIO,ID_ESTADO) values (2,'NORESTE',1);
Insert into TBL_BOC_TERRITORIOS (ID_TERRITORIO,NOMBRE_TERRITORIO,ID_ESTADO) values (3,'NOROESTE',1);
Insert into TBL_BOC_TERRITORIOS (ID_TERRITORIO,NOMBRE_TERRITORIO,ID_ESTADO) values (4,'PAIS',1);
Insert into TBL_BOC_TERRITORIOS (ID_TERRITORIO,NOMBRE_TERRITORIO,ID_ESTADO) values (5,'NA',1);
commit;

create table TBL_BOC_ROLES (
    ID_ROL INTEGER primary key,
    NOMBRE_ROL VARCHAR(250),
    ID_ESTADO INTEGER,
    constraint FK_ESTADO_ROLES foreign key (ID_ESTADO) references TBL_BOC_ESTADOS(ID_ESTADO)
);

Insert into TBL_BOC_ROLES (ID_ROL,NOMBRE_ROL,ID_ESTADO) values (1,'ADMINISTRADOR',1);
Insert into TBL_BOC_ROLES (ID_ROL,NOMBRE_ROL,ID_ESTADO) values (2,'USUARIO COMUN',1);
commit;

create table TBL_BOC_PERFILES (
    ID_PERFIL INTEGER primary key,
    NOMBRE_PERFIL VARCHAR(250) not NULL,
    ID_TERRITORIO INTEGER not null,
    ID_CANAL INTEGER not null,
    ID_ESTADO INTEGER not null,
    constraint FK_TERRIOTIRO_PERFIL foreign key (ID_ESTADO) references TBL_BOC_ESTADOS(ID_ESTADO),
    constraint FK_PERFIL_TERRITORIO foreign key (ID_TERRITORIO) references TBL_BOC_TERRITORIOS(ID_TERRITORIO),
    constraint FK_PERFIL_CANAL foreign key (ID_CANAL) references TBL_BOC_CANALES(ID_CANAL)
);
commit;

Insert into TBL_BOC_PERFILES (ID_PERFIL,NOMBRE_PERFIL,ID_TERRITORIO,ID_CANAL,ID_ESTADO) values (2,'Practicante BOC',4,5,1);
Insert into TBL_BOC_PERFILES (ID_PERFIL,NOMBRE_PERFIL,ID_TERRITORIO,ID_CANAL,ID_ESTADO) values (5,'Dealer 1',4,5,1);
Insert into TBL_BOC_PERFILES (ID_PERFIL,NOMBRE_PERFIL,ID_TERRITORIO,ID_CANAL,ID_ESTADO) values (27,'Vendedor Star (Consulta de Saldos Integrada/Flujo HFC)',4,-1,1);
Insert into TBL_BOC_PERFILES (ID_PERFIL,NOMBRE_PERFIL,ID_TERRITORIO,ID_CANAL,ID_ESTADO) values (29,'Facturación Distribuidores',4,7,1);
Insert into TBL_BOC_PERFILES (ID_PERFIL,NOMBRE_PERFIL,ID_TERRITORIO,ID_CANAL,ID_ESTADO) values (34,'Oficial de créditos y cobros',4,7,1);
Insert into TBL_BOC_PERFILES (ID_PERFIL,NOMBRE_PERFIL,ID_TERRITORIO,ID_CANAL,ID_ESTADO) values (42,'Cordinador Tigo USA',4,7,1);
Insert into TBL_BOC_PERFILES (ID_PERFIL,NOMBRE_PERFIL,ID_TERRITORIO,ID_CANAL,ID_ESTADO) values (48,'Consulta de Saldos / Catalogo / Creditos y Cobros / ABM',4,7,1);
Insert into TBL_BOC_PERFILES (ID_PERFIL,NOMBRE_PERFIL,ID_TERRITORIO,ID_CANAL,ID_ESTADO) values (49,'Consulta de Saldos / Catalogo / Creditos y Cobros / ABM / Facturacion',4,7,1);
Insert into TBL_BOC_PERFILES (ID_PERFIL,NOMBRE_PERFIL,ID_TERRITORIO,ID_CANAL,ID_ESTADO) values (56,'DMS',4,5,1);
Insert into TBL_BOC_PERFILES (ID_PERFIL,NOMBRE_PERFIL,ID_TERRITORIO,ID_CANAL,ID_ESTADO) values (58,'Digitador Tigo Star',4,-1,1);
Insert into TBL_BOC_PERFILES (ID_PERFIL,NOMBRE_PERFIL,ID_TERRITORIO,ID_CANAL,ID_ESTADO) values (59,'Digitador Supervisor Tigo Star',4,-1,1);
Insert into TBL_BOC_PERFILES (ID_PERFIL,NOMBRE_PERFIL,ID_TERRITORIO,ID_CANAL,ID_ESTADO) values (60,'Reporte Tigo Star',4,-1,1);
Insert into TBL_BOC_PERFILES (ID_PERFIL,NOMBRE_PERFIL,ID_TERRITORIO,ID_CANAL,ID_ESTADO) values (61,'Supervisores Créditos y Cobros/Digitación (61)',4,-1,1);
Insert into TBL_BOC_PERFILES (ID_PERFIL,NOMBRE_PERFIL,ID_TERRITORIO,ID_CANAL,ID_ESTADO) values (64,'Supervisores CVS',4,-1,1);
Insert into TBL_BOC_PERFILES (ID_PERFIL,NOMBRE_PERFIL,ID_TERRITORIO,ID_CANAL,ID_ESTADO) values (68,'Operaciones Comerciales',4,-1,1);
Insert into TBL_BOC_PERFILES (ID_PERFIL,NOMBRE_PERFIL,ID_TERRITORIO,ID_CANAL,ID_ESTADO) values (69,'Auxiliar de ruta DMS',4,-1,1);
Insert into TBL_BOC_PERFILES (ID_PERFIL,NOMBRE_PERFIL,ID_TERRITORIO,ID_CANAL,ID_ESTADO) values (70,'Logistica',4,-1,1);
Insert into TBL_BOC_PERFILES (ID_PERFIL,NOMBRE_PERFIL,ID_TERRITORIO,ID_CANAL,ID_ESTADO) values (71,'Trade Marketing',4,-1,1);
Insert into TBL_BOC_PERFILES (ID_PERFIL,NOMBRE_PERFIL,ID_TERRITORIO,ID_CANAL,ID_ESTADO) values (72,'Asesor Digital Cops',4,-1,1);
Insert into TBL_BOC_PERFILES (ID_PERFIL,NOMBRE_PERFIL,ID_TERRITORIO,ID_CANAL,ID_ESTADO) values (78,'Tecnicos',4,-1,1);
Insert into TBL_BOC_PERFILES (ID_PERFIL,NOMBRE_PERFIL,ID_TERRITORIO,ID_CANAL,ID_ESTADO) values (83,'Aseguramiento de ingresos',4,-1,1);
Insert into TBL_BOC_PERFILES (ID_PERFIL,NOMBRE_PERFIL,ID_TERRITORIO,ID_CANAL,ID_ESTADO) values (94,'Ingeniero de Calidad Estrategica',4,-1,1);
Insert into TBL_BOC_PERFILES (ID_PERFIL,NOMBRE_PERFIL,ID_TERRITORIO,ID_CANAL,ID_ESTADO) values (97,'Contabilidad',4,-1,1);
Insert into TBL_BOC_PERFILES (ID_PERFIL,NOMBRE_PERFIL,ID_TERRITORIO,ID_CANAL,ID_ESTADO) values (100,'Beneficios Tigo',4,-1,1);
Insert into TBL_BOC_PERFILES (ID_PERFIL,NOMBRE_PERFIL,ID_TERRITORIO,ID_CANAL,ID_ESTADO) values (104,'Gestion de Reclamos Swat',4,-1,1);
Insert into TBL_BOC_PERFILES (ID_PERFIL,NOMBRE_PERFIL,ID_TERRITORIO,ID_CANAL,ID_ESTADO) values (108,'ServiceDesk',4,-1,1);
Insert into TBL_BOC_PERFILES (ID_PERFIL,NOMBRE_PERFIL,ID_TERRITORIO,ID_CANAL,ID_ESTADO) values (125,'Analista SOP',4,-1,1);
Insert into TBL_BOC_PERFILES (ID_PERFIL,NOMBRE_PERFIL,ID_TERRITORIO,ID_CANAL,ID_ESTADO) values (128,'Analista de Integracion UI para Comisiones',4,-1,1);
Insert into TBL_BOC_PERFILES (ID_PERFIL,NOMBRE_PERFIL,ID_TERRITORIO,ID_CANAL,ID_ESTADO) values (129,'HR ADMIN',4,-1,1);
Insert into TBL_BOC_PERFILES (ID_PERFIL,NOMBRE_PERFIL,ID_TERRITORIO,ID_CANAL,ID_ESTADO) values (137,'Ejecutivo de Experiencia y Gestión Administrativa B2B',4,-1,1);
Insert into TBL_BOC_PERFILES (ID_PERFIL,NOMBRE_PERFIL,ID_TERRITORIO,ID_CANAL,ID_ESTADO) values (150,'Proveedor de Custodias',4,-1,1);
Insert into TBL_BOC_PERFILES (ID_PERFIL,NOMBRE_PERFIL,ID_TERRITORIO,ID_CANAL,ID_ESTADO) values (1,'BOC',4,5,1);
Insert into TBL_BOC_PERFILES (ID_PERFIL,NOMBRE_PERFIL,ID_TERRITORIO,ID_CANAL,ID_ESTADO) values (16,'Practicante S&OP',4,-1,1);
Insert into TBL_BOC_PERFILES (ID_PERFIL,NOMBRE_PERFIL,ID_TERRITORIO,ID_CANAL,ID_ESTADO) values (17,'Catálogo Virtual',4,-1,1);
Insert into TBL_BOC_PERFILES (ID_PERFIL,NOMBRE_PERFIL,ID_TERRITORIO,ID_CANAL,ID_ESTADO) values (18,'Reportes y Dashboards nivel A',4,7,1);
Insert into TBL_BOC_PERFILES (ID_PERFIL,NOMBRE_PERFIL,ID_TERRITORIO,ID_CANAL,ID_ESTADO) values (52,'Desempeño y Desarrollo',4,7,1);
Insert into TBL_BOC_PERFILES (ID_PERFIL,NOMBRE_PERFIL,ID_TERRITORIO,ID_CANAL,ID_ESTADO) values (79,'Direccion Ejecutiva',4,-1,1);
Insert into TBL_BOC_PERFILES (ID_PERFIL,NOMBRE_PERFIL,ID_TERRITORIO,ID_CANAL,ID_ESTADO) values (80,'Legal',4,-1,1);
Insert into TBL_BOC_PERFILES (ID_PERFIL,NOMBRE_PERFIL,ID_TERRITORIO,ID_CANAL,ID_ESTADO) values (81,'Ejecutivo de cuentas publicitarias',4,-1,1);
Insert into TBL_BOC_PERFILES (ID_PERFIL,NOMBRE_PERFIL,ID_TERRITORIO,ID_CANAL,ID_ESTADO) values (85,'Especialista de Planificacion de venta y Operaciones',4,-1,1);
Insert into TBL_BOC_PERFILES (ID_PERFIL,NOMBRE_PERFIL,ID_TERRITORIO,ID_CANAL,ID_ESTADO) values (89,'Vendedor Dealer',4,-1,1);
Insert into TBL_BOC_PERFILES (ID_PERFIL,NOMBRE_PERFIL,ID_TERRITORIO,ID_CANAL,ID_ESTADO) values (93,'Auxiliar Comercial',4,-1,1);
Insert into TBL_BOC_PERFILES (ID_PERFIL,NOMBRE_PERFIL,ID_TERRITORIO,ID_CANAL,ID_ESTADO) values (95,'Especialista de Desempeno y Desarrollo',4,-1,1);
Insert into TBL_BOC_PERFILES (ID_PERFIL,NOMBRE_PERFIL,ID_TERRITORIO,ID_CANAL,ID_ESTADO) values (98,'REVERSE LOGISTICS EXT',4,-1,1);
Insert into TBL_BOC_PERFILES (ID_PERFIL,NOMBRE_PERFIL,ID_TERRITORIO,ID_CANAL,ID_ESTADO) values (102,'Oficial de Seguros (UNITY)',4,-1,1);
commit;

create table TBL_BOC_TIPO_USUARIO(
    ID_TIPO_USUARIO INTEGER primary key,
    NOMBRE_TIPO_USUARIO  VARCHAR(250),
    ID_ESTADO INTEGER,
    constraint FK_TIPO_USER_ESTADO foreign key (ID_ESTADO) references TBL_BOC_ESTADOS(ID_ESTADO)
);

insert into TBL_BOC_TIPO_USUARIO(ID_TIPO_USUARIO,NOMBRE_TIPO_USUARIO,ID_ESTADO) values (1,'INTERNO',1);
insert into TBL_BOC_TIPO_USUARIO(ID_TIPO_USUARIO,NOMBRE_TIPO_USUARIO,ID_ESTADO) values (2,'EXTERNO',1);
commit;

create table TBL_BOC_TIPO_PLANILLA(
    ID_TIPO_PLANILLA INTEGER primary key,
    NOMBRE_TIPO_PLANILLA  VARCHAR(250),
    ID_ESTADO INTEGER,
    constraint FK_TIPO_PLANILLA_ESTADO foreign key (ID_ESTADO) references TBL_BOC_ESTADOS(ID_ESTADO)
);

insert into TBL_BOC_TIPO_PLANILLA(ID_TIPO_PLANILLA,NOMBRE_TIPO_PLANILLA,ID_ESTADO) values (1,'DIRECTO',1);
insert into TBL_BOC_TIPO_PLANILLA(ID_TIPO_PLANILLA,NOMBRE_TIPO_PLANILLA,ID_ESTADO) values (2,'OUTSOURCE',1);
insert into TBL_BOC_TIPO_PLANILLA(ID_TIPO_PLANILLA,NOMBRE_TIPO_PLANILLA,ID_ESTADO) values (3,'EXTERNO',1);
commit;

create table TBL_BOC_TIPO_IDENTIFICACION(
    ID_TIPO_IDENTIFICACION INTEGER primary key,
    TIPO_IDENTIFICACION VARCHAR(250),
    ID_ESTADO INTEGER,
    constraint FK_TIPO_IDENTIFICACION_ESTADO foreign key (ID_ESTADO) references TBL_BOC_ESTADOS(ID_ESTADO)
);

insert into TBL_BOC_TIPO_IDENTIFICACION (ID_TIPO_IDENTIFICACION, TIPO_IDENTIFICACION, ID_ESTADO) values (1, 'Identidad',1);
insert into TBL_BOC_TIPO_IDENTIFICACION (ID_TIPO_IDENTIFICACION, TIPO_IDENTIFICACION, ID_ESTADO) values (2, 'Pasaporte',1);
insert into TBL_BOC_TIPO_IDENTIFICACION (ID_TIPO_IDENTIFICACION, TIPO_IDENTIFICACION, ID_ESTADO) values (3, 'Carnet de Residencia',1);
commit;


create table TBL_BOC_USUARIOS (
    ID_USUARIO SERIAL primary key,
  USUARIO VARCHAR(100) NOT null,
  IDENTIFICACION VARCHAR(50),
  PRIMER_NOMBRE VARCHAR(100) NOT null,
  SEGUNDO_NOMBRE VARCHAR(100),
  PRIMER_APELLIDO VARCHAR(100) NOT null,
  SEGUNDO_APELLIDO VARCHAR(100) NOT null,
  TELEFONO VARCHAR(15) NOT null,
  CORREO VARCHAR(100) NOT NULL ,
  ID_PERFIL INTEGER,
  ID_TIPO_USUARIO INTEGER,
  ID_ROL INTEGER,
  ID_TIPO_PLANILLA INTEGER,
  ID_ESTADO INTEGER,
  ID_TERRITORIO INTEGER,
  ID_TIPO_IDENTIFICACION INTEGER,
  ID_DMS INTEGER,
  PASSWORD VARCHAR(100),
    constraint FK_USER_PERFIL foreign key (ID_PERFIL) references TBL_BOC_PERFILES(ID_PERFIL),
    constraint FK_USER_TIPO foreign key (ID_TIPO_USUARIO) references TBL_BOC_TIPO_USUARIO(ID_TIPO_USUARIO),
    constraint FK_USER_ROL foreign key (ID_ROL) references TBL_BOC_ROLES(ID_ROL),
    constraint FK_USER_TIPO_PLANILLA foreign key (ID_TIPO_PLANILLA) references TBL_BOC_TIPO_PLANILLA(ID_TIPO_PLANILLA),
    constraint FK_USER_ESTADO foreign key (ID_ESTADO) references TBL_BOC_ESTADOS(ID_ESTADO),
    constraint FK_USER_TERRITORIO foreign key (ID_TERRITORIO) references TBL_BOC_TERRITORIOS(ID_TERRITORIO),
    constraint FK_USER_IDENTIFICACION foreign key (ID_TIPO_IDENTIFICACION) references TBL_BOC_TIPO_IDENTIFICACION(ID_TIPO_IDENTIFICACION)
);
commit;

insert into TBL_BOC_USUARIOS (ID_USUARIO,USUARIO,IDENTIFICACION,PRIMER_NOMBRE,SEGUNDO_NOMBRE,PRIMER_APELLIDO,SEGUNDO_APELLIDO,TELEFONO,CORREO,ID_PERFIL,ID_TIPO_USUARIO,ID_ROL,ID_TIPO_PLANILLA,ID_ESTADO,ID_TERRITORIO,ID_TIPO_IDENTIFICACION,ID_DMS) values (936,'MARIO.ORDONEZ','0601199102604','MARIO','ALEXIS','ORDONEZ','CARRASCO','95709264','mario.ordonez@tigo.com.hn',1,1,1,1,1,1,1,207121);
insert into TBL_BOC_USUARIOS (ID_USUARIO,USUARIO,IDENTIFICACION,PRIMER_NOMBRE,SEGUNDO_NOMBRE,PRIMER_APELLIDO,SEGUNDO_APELLIDO,TELEFONO,CORREO,ID_PERFIL,ID_TIPO_USUARIO,ID_ROL,ID_TIPO_PLANILLA,ID_ESTADO,ID_TERRITORIO,ID_TIPO_IDENTIFICACION,ID_DMS) values (4240,'RICARDO.CARBAJAL','0801199204802','RICARDO','JOSUE','CARBAJAL','CASTELLANOS','99846086','ricardo.carbajal@tigo.com.hn',1,1,1,3,1,1,1,0);
insert into TBL_BOC_USUARIOS (ID_USUARIO,USUARIO,IDENTIFICACION,PRIMER_NOMBRE,SEGUNDO_NOMBRE,PRIMER_APELLIDO,SEGUNDO_APELLIDO,TELEFONO,CORREO,ID_PERFIL,ID_TIPO_USUARIO,ID_ROL,ID_TIPO_PLANILLA,ID_ESTADO,ID_TERRITORIO,ID_TIPO_IDENTIFICACION,ID_DMS) values (5919,'FAUSTO.VELASQUEZ','0801199919988','FAUSTO','RAFAEL','VELASQUEZ','IRIAS','95145545','fausto.velasquez@tigo.com.hn',1,1,1,1,1,1,1,NULL);
insert into TBL_BOC_USUARIOS (ID_USUARIO,USUARIO,IDENTIFICACION,PRIMER_NOMBRE,SEGUNDO_NOMBRE,PRIMER_APELLIDO,SEGUNDO_APELLIDO,TELEFONO,CORREO,ID_PERFIL,ID_TIPO_USUARIO,ID_ROL,ID_TIPO_PLANILLA,ID_ESTADO,ID_TERRITORIO,ID_TIPO_IDENTIFICACION,ID_DMS) values (8200,'EDUARDO.VELASQUEZ','0801199503456','EDUARDO','ALEJANDRO','VELASQUEZ','AVELAR','96003331','eduardo.velasquez@tigo.com.hn',1,1,1,2,1,1,1,0);
insert into TBL_BOC_USUARIOS (ID_USUARIO,USUARIO,IDENTIFICACION,PRIMER_NOMBRE,SEGUNDO_NOMBRE,PRIMER_APELLIDO,SEGUNDO_APELLIDO,TELEFONO,CORREO,ID_PERFIL,ID_TIPO_USUARIO,ID_ROL,ID_TIPO_PLANILLA,ID_ESTADO,ID_TERRITORIO,ID_TIPO_IDENTIFICACION,ID_DMS) values (9643,'JOSUE.MARQUEZ','1015199100131','JOSUE','RENAN','MARQUEZ','LEMUS','99765926','josue.marquez@tigo.com.hn',1,1,1,3,1,1,1,224451);
insert into TBL_BOC_USUARIOS (ID_USUARIO,USUARIO,IDENTIFICACION,PRIMER_NOMBRE,SEGUNDO_NOMBRE,PRIMER_APELLIDO,SEGUNDO_APELLIDO,TELEFONO,CORREO,ID_PERFIL,ID_TIPO_USUARIO,ID_ROL,ID_TIPO_PLANILLA,ID_ESTADO,ID_TERRITORIO,ID_TIPO_IDENTIFICACION,ID_DMS) values (10030,'JORDAN.IZAGUIRRE','0801199503476','JORDAN','FABRICIO','IZAGUIRRE','GODOY','99882070','jordan.izaguirre@tigo.com.hn',1,1,1,1,1,1,1,0);
insert into TBL_BOC_USUARIOS (ID_USUARIO,USUARIO,IDENTIFICACION,PRIMER_NOMBRE,SEGUNDO_NOMBRE,PRIMER_APELLIDO,SEGUNDO_APELLIDO,TELEFONO,CORREO,ID_PERFIL,ID_TIPO_USUARIO,ID_ROL,ID_TIPO_PLANILLA,ID_ESTADO,ID_TERRITORIO,ID_TIPO_IDENTIFICACION,ID_DMS) values (10306,'FRANKLIN.CASTILLO','0801199322740','FRANKLIN','ARIEL','CASTILLO','HERNANDEZ','96257721','franklin.castillo@tigo.com.hn',1,1,1,1,1,1,1,0);
insert into TBL_BOC_USUARIOS (ID_USUARIO,USUARIO,IDENTIFICACION,PRIMER_NOMBRE,SEGUNDO_NOMBRE,PRIMER_APELLIDO,SEGUNDO_APELLIDO,TELEFONO,CORREO,ID_PERFIL,ID_TIPO_USUARIO,ID_ROL,ID_TIPO_PLANILLA,ID_ESTADO,ID_TERRITORIO,ID_TIPO_IDENTIFICACION,ID_DMS) values (11143,'JULIO.ARTEAGA','0801199200787','JULIO','CESAR','ARTEAGA','AVILA','97904412','julio.arteaga@tigo.com.hn',1,1,1,3,1,1,1,0);
insert into TBL_BOC_USUARIOS (ID_USUARIO,USUARIO,IDENTIFICACION,PRIMER_NOMBRE,SEGUNDO_NOMBRE,PRIMER_APELLIDO,SEGUNDO_APELLIDO,TELEFONO,CORREO,ID_PERFIL,ID_TIPO_USUARIO,ID_ROL,ID_TIPO_PLANILLA,ID_ESTADO,ID_TERRITORIO,ID_TIPO_IDENTIFICACION,ID_DMS) values (16065,'ANGELA.CASTILLO','1201199600851','ANGELA','MARIA','CASTILLO','CUBAS','94893370','angela.castillo@tigo.com.hn',1,1,1,1,1,1,1,NULL);
insert into TBL_BOC_USUARIOS (ID_USUARIO,USUARIO,IDENTIFICACION,PRIMER_NOMBRE,SEGUNDO_NOMBRE,PRIMER_APELLIDO,SEGUNDO_APELLIDO,TELEFONO,CORREO,ID_PERFIL,ID_TIPO_USUARIO,ID_ROL,ID_TIPO_PLANILLA,ID_ESTADO,ID_TERRITORIO,ID_TIPO_IDENTIFICACION,ID_DMS) values (16082,'CARLOS.TROCHEZ','0801199218400','CARLOS','EBERTO','TROCHEZ','ZUNIGA','98998993','carlos.trochez@tigo.com.hn',1,1,1,3,1,1,1,NULL);
insert into TBL_BOC_USUARIOS (ID_USUARIO,USUARIO,IDENTIFICACION,PRIMER_NOMBRE,SEGUNDO_NOMBRE,PRIMER_APELLIDO,SEGUNDO_APELLIDO,TELEFONO,CORREO,ID_PERFIL,ID_TIPO_USUARIO,ID_ROL,ID_TIPO_PLANILLA,ID_ESTADO,ID_TERRITORIO,ID_TIPO_IDENTIFICACION,ID_DMS) values (21242,'ILIANA.PASOS','1501199602189','ILIANA','YAZMIN','PASOS','GALLO','96985228','iliana.pasos@tigo.com.hn',1,1,1,1,1,1,1,NULL);
insert into TBL_BOC_USUARIOS (ID_USUARIO,USUARIO,IDENTIFICACION,PRIMER_NOMBRE,SEGUNDO_NOMBRE,PRIMER_APELLIDO,SEGUNDO_APELLIDO,TELEFONO,CORREO,ID_PERFIL,ID_TIPO_USUARIO,ID_ROL,ID_TIPO_PLANILLA,ID_ESTADO,ID_TERRITORIO,ID_TIPO_IDENTIFICACION,ID_DMS) values (14203,'DARIO.CARDONA','0801199502487','DARIO','ALEXANDER','CARDONA','AGUILAR','97134202','dario.cardona@tigo.com.hn',1,1,1,1,1,1,1,0);
insert into TBL_BOC_USUARIOS (ID_USUARIO,USUARIO,IDENTIFICACION,PRIMER_NOMBRE,SEGUNDO_NOMBRE,PRIMER_APELLIDO,SEGUNDO_APELLIDO,TELEFONO,CORREO,ID_PERFIL,ID_TIPO_USUARIO,ID_ROL,ID_TIPO_PLANILLA,ID_ESTADO,ID_TERRITORIO,ID_TIPO_IDENTIFICACION,ID_DMS) values (5176,'MANUEL.ARTILES','0801198611165','MANUEL','DE JESUS','ARTILES','SUAZO','94718970','manuel.artiles@tigo.com.hn',1,1,1,1,1,1,1,0);
insert into TBL_BOC_USUARIOS (ID_USUARIO,USUARIO,IDENTIFICACION,PRIMER_NOMBRE,SEGUNDO_NOMBRE,PRIMER_APELLIDO,SEGUNDO_APELLIDO,TELEFONO,CORREO,ID_PERFIL,ID_TIPO_USUARIO,ID_ROL,ID_TIPO_PLANILLA,ID_ESTADO,ID_TERRITORIO,ID_TIPO_IDENTIFICACION,ID_DMS) values (13526,'MARCO.CARBAJAL','1709199000039','MARCO','ANTONIO','CARBAJAL','MORENO','97780704','marco.carbajal@tigo.com.hn',1,1,1,1,1,1,1,547);
insert into TBL_BOC_USUARIOS (ID_USUARIO,USUARIO,IDENTIFICACION,PRIMER_NOMBRE,SEGUNDO_NOMBRE,PRIMER_APELLIDO,SEGUNDO_APELLIDO,TELEFONO,CORREO,ID_PERFIL,ID_TIPO_USUARIO,ID_ROL,ID_TIPO_PLANILLA,ID_ESTADO,ID_TERRITORIO,ID_TIPO_IDENTIFICACION,ID_DMS) values (17160,'BESSY.VELASQUEZ','0313199800638','BESSY','MARIELA','VELASQUEZ','RAMIREZ','97728446','bessy.velasquez@tigo.com.hn',1,1,1,3,1,1,1,0);
insert into TBL_BOC_USUARIOS (ID_USUARIO,USUARIO,IDENTIFICACION,PRIMER_NOMBRE,SEGUNDO_NOMBRE,PRIMER_APELLIDO,SEGUNDO_APELLIDO,TELEFONO,CORREO,ID_PERFIL,ID_TIPO_USUARIO,ID_ROL,ID_TIPO_PLANILLA,ID_ESTADO,ID_TERRITORIO,ID_TIPO_IDENTIFICACION,ID_DMS) values (24988,'HESLER.FERRERA','0817199800256','HESLER','JARET','FERRERA','VASQUEZ','95894143','hesler.ferrera@tigo.com.hn',1,1,1,1,1,1,1,NULL);
insert into TBL_BOC_USUARIOS (ID_USUARIO,USUARIO,IDENTIFICACION,PRIMER_NOMBRE,SEGUNDO_NOMBRE,PRIMER_APELLIDO,SEGUNDO_APELLIDO,TELEFONO,CORREO,ID_PERFIL,ID_TIPO_USUARIO,ID_ROL,ID_TIPO_PLANILLA,ID_ESTADO,ID_TERRITORIO,ID_TIPO_IDENTIFICACION,ID_DMS) values (59400,'CARLOS.VARGAS','0801199212171','CARLOS','MAURICIO','VARGAS','ZAMBRANO','92100802','carlos.vargas@tigo.com.hn',1,1,1,3,1,1,1,0);
insert into TBL_BOC_USUARIOS (ID_USUARIO,USUARIO,IDENTIFICACION,PRIMER_NOMBRE,SEGUNDO_NOMBRE,PRIMER_APELLIDO,SEGUNDO_APELLIDO,TELEFONO,CORREO,ID_PERFIL,ID_TIPO_USUARIO,ID_ROL,ID_TIPO_PLANILLA,ID_ESTADO,ID_TERRITORIO,ID_TIPO_IDENTIFICACION,ID_DMS) values (64109,'STEFANIE.VELASQUEZ','0801200104052','STEFANIE','PAOLA','VELASQUEZ','CANAHUATI','92918999','stefanie.velasquez@tigo.com.hn',1,1,1,2,1,1,1,0);
insert into TBL_BOC_USUARIOS (ID_USUARIO,USUARIO,IDENTIFICACION,PRIMER_NOMBRE,SEGUNDO_NOMBRE,PRIMER_APELLIDO,SEGUNDO_APELLIDO,TELEFONO,CORREO,ID_PERFIL,ID_TIPO_USUARIO,ID_ROL,ID_TIPO_PLANILLA,ID_ESTADO,ID_TERRITORIO,ID_TIPO_IDENTIFICACION,ID_DMS) values (41341,'LUIS.BRICENO','0318199801348','LUIS','ARMANDO','RIVERA','BRICENO','','luis.briceno@tigo.com.hn',1,1,1,2,1,1,1,0);
insert into TBL_BOC_USUARIOS (ID_USUARIO,USUARIO,IDENTIFICACION,PRIMER_NOMBRE,SEGUNDO_NOMBRE,PRIMER_APELLIDO,SEGUNDO_APELLIDO,TELEFONO,CORREO,ID_PERFIL,ID_TIPO_USUARIO,ID_ROL,ID_TIPO_PLANILLA,ID_ESTADO,ID_TERRITORIO,ID_TIPO_IDENTIFICACION,ID_DMS) values (41340,'JORGE.REYES','0801199207820','JORGE','ALBERTO','REYES','FLORES','96405821','jorge.reyes@tigo.com.hn',1,1,1,2,1,1,1,0);
insert into TBL_BOC_USUARIOS (ID_USUARIO,USUARIO,IDENTIFICACION,PRIMER_NOMBRE,SEGUNDO_NOMBRE,PRIMER_APELLIDO,SEGUNDO_APELLIDO,TELEFONO,CORREO,ID_PERFIL,ID_TIPO_USUARIO,ID_ROL,ID_TIPO_PLANILLA,ID_ESTADO,ID_TERRITORIO,ID_TIPO_IDENTIFICACION,ID_DMS) values (43067,'NORLAN.HERNANDEZ','0824199800670','NORLAN','OMAR','HERNANDEZ','ALMENDARES','96222606','norlan.hernandez@tigo.com.hn',1,1,1,1,1,1,1,0);
insert into TBL_BOC_USUARIOS (ID_USUARIO,USUARIO,IDENTIFICACION,PRIMER_NOMBRE,SEGUNDO_NOMBRE,PRIMER_APELLIDO,SEGUNDO_APELLIDO,TELEFONO,CORREO,ID_PERFIL,ID_TIPO_USUARIO,ID_ROL,ID_TIPO_PLANILLA,ID_ESTADO,ID_TERRITORIO,ID_TIPO_IDENTIFICACION,ID_DMS) values (69902,'KATHERYNE.MEZA','0801199820167','KATHERYNE','GABRIELA','MEZA','MATAMOROS','0','katheryne.meza@tigo.com.hn',1,1,1,2,1,1,1,0);
insert into TBL_BOC_USUARIOS (ID_USUARIO,USUARIO,IDENTIFICACION,PRIMER_NOMBRE,SEGUNDO_NOMBRE,PRIMER_APELLIDO,SEGUNDO_APELLIDO,TELEFONO,CORREO,ID_PERFIL,ID_TIPO_USUARIO,ID_ROL,ID_TIPO_PLANILLA,ID_ESTADO,ID_TERRITORIO,ID_TIPO_IDENTIFICACION,ID_DMS) values (69181,'SCARLETH.BAQUEDANO','0801200011731','SCARLETH','ABIGAIL','BAQUEDANO','PADILLA','99516562','scarleth.baquedano@tigo.com.hn',1,1,1,3,1,1,1,0);
insert into TBL_BOC_USUARIOS (ID_USUARIO,USUARIO,IDENTIFICACION,PRIMER_NOMBRE,SEGUNDO_NOMBRE,PRIMER_APELLIDO,SEGUNDO_APELLIDO,TELEFONO,CORREO,ID_PERFIL,ID_TIPO_USUARIO,ID_ROL,ID_TIPO_PLANILLA,ID_ESTADO,ID_TERRITORIO,ID_TIPO_IDENTIFICACION,ID_DMS) values (65940,'ALEXIS.NIETO','0801199816692','KEVIN','ALEXIS','NIETO','FLORES','92011070','alexis.nieto@tigo.com.hn',1,1,1,3,1,1,1,0);
insert into TBL_BOC_USUARIOS (ID_USUARIO,USUARIO,IDENTIFICACION,PRIMER_NOMBRE,SEGUNDO_NOMBRE,PRIMER_APELLIDO,SEGUNDO_APELLIDO,TELEFONO,CORREO,ID_PERFIL,ID_TIPO_USUARIO,ID_ROL,ID_TIPO_PLANILLA,ID_ESTADO,ID_TERRITORIO,ID_TIPO_IDENTIFICACION,ID_DMS) values (36200,'OCTAVIO.RIOS','1709199500875','OCTAVIO','ROLANDO','LOPEZ','RIOS','','octavio.rios@tigo.com.hn',1,1,1,3,1,1,1,0);
insert into TBL_BOC_USUARIOS (ID_USUARIO,USUARIO,IDENTIFICACION,PRIMER_NOMBRE,SEGUNDO_NOMBRE,PRIMER_APELLIDO,SEGUNDO_APELLIDO,TELEFONO,CORREO,ID_PERFIL,ID_TIPO_USUARIO,ID_ROL,ID_TIPO_PLANILLA,ID_ESTADO,ID_TERRITORIO,ID_TIPO_IDENTIFICACION,ID_DMS) values (67220,'JULIAN.LEZAMA','0801198617636','JULIAN','RAJIV','LOPEZ','LEZAMA','99232350','julian.lezama@tigo.com.hn',1,1,1,3,1,1,1,NULL);
insert into TBL_BOC_USUARIOS (ID_USUARIO,USUARIO,IDENTIFICACION,PRIMER_NOMBRE,SEGUNDO_NOMBRE,PRIMER_APELLIDO,SEGUNDO_APELLIDO,TELEFONO,CORREO,ID_PERFIL,ID_TIPO_USUARIO,ID_ROL,ID_TIPO_PLANILLA,ID_ESTADO,ID_TERRITORIO,ID_TIPO_IDENTIFICACION,ID_DMS) values (42743,'ELVIN.FORTIN','0801199806074','ELVIN','SAUL','FORTIN','RUIZ','','elvin.fortin@tigo.com.hn',1,1,1,3,1,1,1,0);
insert into TBL_BOC_USUARIOS (ID_USUARIO,USUARIO,IDENTIFICACION,PRIMER_NOMBRE,SEGUNDO_NOMBRE,PRIMER_APELLIDO,SEGUNDO_APELLIDO,TELEFONO,CORREO,ID_PERFIL,ID_TIPO_USUARIO,ID_ROL,ID_TIPO_PLANILLA,ID_ESTADO,ID_TERRITORIO,ID_TIPO_IDENTIFICACION,ID_DMS) values (69901,'DAVID.MEJIA','0801199919890','DAVID','ANDRES','MEJIA','FLORES','95098414','david.mejia@tigo.com.hn',1,1,1,2,1,1,1,0);
insert into TBL_BOC_USUARIOS (ID_USUARIO,USUARIO,IDENTIFICACION,PRIMER_NOMBRE,SEGUNDO_NOMBRE,PRIMER_APELLIDO,SEGUNDO_APELLIDO,TELEFONO,CORREO,ID_PERFIL,ID_TIPO_USUARIO,ID_ROL,ID_TIPO_PLANILLA,ID_ESTADO,ID_TERRITORIO,ID_TIPO_IDENTIFICACION,ID_DMS) values (52260,'DARIEL.FUNES','0301199900603','DARIEL','ALEXANDER','FUNES','GUILLEN','98423569','dariel.funes@tigo.com.hn',1,1,1,2,1,1,1,0);
commit;

create table TBL_BOC_TIPOS_PERMISOS (
    ID_TIPO_PERMISO INTEGER primary key,
    NOMBRE_PERMISO VARCHAR(500),
    ID_ESTADO INTEGER,
    constraint FK_TIPO_PERMISO_ESTADO foreign key (ID_ESTADO) references TBL_BOC_ESTADOS(ID_ESTADO)
);

insert into TBL_BOC_TIPOS_PERMISOS(ID_TIPO_PERMISO, NOMBRE_PERMISO, ID_ESTADO) values (1, 'PAGINA WEB', 1);
insert into TBL_BOC_TIPOS_PERMISOS(ID_TIPO_PERMISO, NOMBRE_PERMISO, ID_ESTADO) values (2, 'APLICACION MOVIL', 1);
insert into TBL_BOC_TIPOS_PERMISOS(ID_TIPO_PERMISO, NOMBRE_PERMISO, ID_ESTADO) values (3, 'REPORTE', 1);
insert into TBL_BOC_TIPOS_PERMISOS(ID_TIPO_PERMISO, NOMBRE_PERMISO, ID_ESTADO) values (4, 'SMS', 1);
COMMIT;

create table TBL_BOC_MENU_PERMISO(
    ID_MENU INTEGER primary KEY,
    MENU_NAME VARCHAR(250),
    ID_ESTADO INTEGER,
    constraint FK_MENU_ESTADO foreign key (ID_ESTADO) references TBL_BOC_ESTADOS(ID_ESTADO)
);

insert into TBL_BOC_MENU_PERMISO(ID_MENU, MENU_NAME, ID_ESTADO) values (1, 'PRINCIPAL, PAGINA 1', 1);
insert into TBL_BOC_MENU_PERMISO(ID_MENU, MENU_NAME, ID_ESTADO) values (2, 'PORTAL DE COMISIONES', 1);
insert into TBL_BOC_MENU_PERMISO(ID_MENU, MENU_NAME, ID_ESTADO) values (3, 'PORTAL DE TIGO PEOPLE', 1);
insert into TBL_BOC_MENU_PERMISO(ID_MENU, MENU_NAME, ID_ESTADO) values (4, 'PORTAL DE SOP', 1);
commit;

create table TBL_BOC_PERMISOS (
    ID_PERMISO INTEGER primary key,
    NOMBRE_PERMISO VARCHAR(500),
    NUM_PAGINA INTEGER,
    path VARCHAR(500),
    USUARIO_RESPONSABLE VARCHAR(100),
    ETIQUETAS VARCHAR(500),
    ID_ESTADO INTEGER,
    ID_MENU INTEGER,
    ORDEN INTEGER,
    ID_TIPO_PERMISO INTEGER,
    constraint FK_PERMISOS_ESTADO foreign key (ID_ESTADO) references TBL_BOC_ESTADOS(ID_ESTADO),
    constraint FK_PERMISO_MENU_PERMISO foreign key (ID_MENU) references TBL_BOC_MENU_PERMISO(ID_MENU),
    constraint FK_PERMISO_TIPO_PERMISO foreign key (ID_TIPO_PERMISO) references TBL_BOC_TIPOS_PERMISOS(ID_TIPO_PERMISO)
);

insert into TBL_BOC_PERMISOS(ID_PERMISO,NOMBRE_PERMISO,NUM_PAGINA,path,USUARIO_RESPONSABLE,ETIQUETAS,ID_ESTADO,ID_MENU,ORDEN,ID_TIPO_PERMISO) values (1,'Ingreso Facturas',851601,'/home/so/comisiones/facturacion', 'ALEXIS.NIETO',null,1,2,1,1);
insert into TBL_BOC_PERMISOS(ID_PERMISO,NOMBRE_PERMISO,NUM_PAGINA,path,USUARIO_RESPONSABLE,ETIQUETAS,ID_ESTADO,ID_MENU,ORDEN,ID_TIPO_PERMISO) values (2,'MENU PRINCIPAL SOP',5401,'/home/so/sop', 'CARLOS.TROCHEZ',null,1,4,1,1);
insert into TBL_BOC_PERMISOS(ID_PERMISO,NOMBRE_PERMISO,NUM_PAGINA,path,USUARIO_RESPONSABLE,ETIQUETAS,ID_ESTADO,ID_MENU,ORDEN,ID_TIPO_PERMISO) values (3,'MI CALLE',NULL,NULL, 'JOSUE.MARQUEZ',null,1,NULL,NULL,2);
commit;

create table TBL_BOC_PERMISO_PERFIL (
    ID_PERMISO INTEGER,
    ID_PERFIL INTEGER,
    ID_ESTADO INTEGER,
    primary KEY(ID_PERMISO, ID_PERFIL),
    constraint FK_PERMISO_PERFIL foreign key (ID_PERFIL) references TBL_BOC_PERFILES(ID_PERFIL),
    constraint FK_PERMISO_ESTADO foreign key (ID_ESTADO) references TBL_BOC_ESTADOS(ID_ESTADO)
);

insert into TBL_BOC_PERMISO_PERFIL(ID_PERMISO, ID_PERFIL, ID_ESTADO) VALUES(1, 5, 1);
insert into TBL_BOC_PERMISO_PERFIL(ID_PERMISO, ID_PERFIL, ID_ESTADO) VALUES(2, 2, 1);
commit;

create table TBL_BOC_PERMISO_USUARIO (
    ID_PERMISO INTEGER,
    ID_USUARIO INTEGER,
    ID_ESTADO INTEGER,
    primary KEY(ID_PERMISO,ID_USUARIO),
    constraint FK_PERMISO_USUARIO foreign key (ID_USUARIO) references TBL_BOC_USUARIOS(ID_USUARIO),
    constraint FK_PERMISO_USUARIO_ESTADO foreign key (ID_ESTADO) references TBL_BOC_ESTADOS(ID_ESTADO)
);

insert into TBL_BOC_PERMISO_USUARIO(ID_PERMISO,ID_USUARIO,ID_ESTADO) values (1,936,1);
insert into TBL_BOC_PERMISO_USUARIO(ID_PERMISO,ID_USUARIO,ID_ESTADO) values (3,24988,1);
commit;

create table TBL_INFO_EMPLEADO_TALLAS(
    ID_TALLA INTEGER primary KEY,
    TALLA VARCHAR(100),
    ID_ESTADO INTEGER,
    constraint FK_TALLA_ESTADO foreign key (ID_ESTADO) references TBL_BOC_ESTADOS(ID_ESTADO)
);

insert into TBL_INFO_EMPLEADO_TALLAS(ID_TALLA,TALLA,ID_ESTADO) VALUES(1,'XS',1);
insert into TBL_INFO_EMPLEADO_TALLAS(ID_TALLA,TALLA,ID_ESTADO) VALUES(2,'S',1);
insert into TBL_INFO_EMPLEADO_TALLAS(ID_TALLA,TALLA,ID_ESTADO) VALUES(3,'M',1);
insert into TBL_INFO_EMPLEADO_TALLAS(ID_TALLA,TALLA,ID_ESTADO) VALUES(4,'L',1);
insert into TBL_INFO_EMPLEADO_TALLAS(ID_TALLA,TALLA,ID_ESTADO) VALUES(5,'XL',1);
insert into TBL_INFO_EMPLEADO_TALLAS(ID_TALLA,TALLA,ID_ESTADO) VALUES(6,'2XL',1);
insert into TBL_INFO_EMPLEADO_TALLAS(ID_TALLA,TALLA,ID_ESTADO) VALUES(7,'3XL',1);
commit;

create table TBL_INFO_EMPLEADOS_ENFERMEDAD(
    ID_ENFERMEDAD INTEGER primary key,
    NOMBRE_ENFERMEDAD VARCHAR(250),
    ID_ESTADO INTEGER,
    constraint FK_ENFERMEDAD_ESTADO foreign key (ID_ESTADO) references TBL_BOC_ESTADOS(ID_ESTADO)
);

insert into TBL_INFO_EMPLEADOS_ENFERMEDAD(ID_ENFERMEDAD, NOMBRE_ENFERMEDAD, ID_ESTADO) values (1,'Ninguna',1);
insert into TBL_INFO_EMPLEADOS_ENFERMEDAD(ID_ENFERMEDAD, NOMBRE_ENFERMEDAD, ID_ESTADO) values (2,'Diabetes',1);
insert into TBL_INFO_EMPLEADOS_ENFERMEDAD(ID_ENFERMEDAD, NOMBRE_ENFERMEDAD, ID_ESTADO) values (3,'Obesidad',1);
insert into TBL_INFO_EMPLEADOS_ENFERMEDAD(ID_ENFERMEDAD, NOMBRE_ENFERMEDAD, ID_ESTADO) values (4,'Enfermedad renal crónica',1);
insert into TBL_INFO_EMPLEADOS_ENFERMEDAD(ID_ENFERMEDAD, NOMBRE_ENFERMEDAD, ID_ESTADO) values (5,'Cardiopatía crónica',1);
insert into TBL_INFO_EMPLEADOS_ENFERMEDAD(ID_ENFERMEDAD, NOMBRE_ENFERMEDAD, ID_ESTADO) values (6,'Enfermedad cardiovascular',1);
insert into TBL_INFO_EMPLEADOS_ENFERMEDAD(ID_ENFERMEDAD, NOMBRE_ENFERMEDAD, ID_ESTADO) values (7,'Asma',1);
insert into TBL_INFO_EMPLEADOS_ENFERMEDAD(ID_ENFERMEDAD, NOMBRE_ENFERMEDAD, ID_ESTADO) values (8,'Enfermedad neurológica crónica',1);
insert into TBL_INFO_EMPLEADOS_ENFERMEDAD(ID_ENFERMEDAD, NOMBRE_ENFERMEDAD, ID_ESTADO) values (9,'Enfermedad hepática crónica',1);
insert into TBL_INFO_EMPLEADOS_ENFERMEDAD(ID_ENFERMEDAD, NOMBRE_ENFERMEDAD, ID_ESTADO) values (10,'Migraña',1);
insert into TBL_INFO_EMPLEADOS_ENFERMEDAD(ID_ENFERMEDAD, NOMBRE_ENFERMEDAD, ID_ESTADO) values (11,'Hipertensión arterial',1);
insert into TBL_INFO_EMPLEADOS_ENFERMEDAD(ID_ENFERMEDAD, NOMBRE_ENFERMEDAD, ID_ESTADO) values (12,'Artritis',1);
insert into TBL_INFO_EMPLEADOS_ENFERMEDAD(ID_ENFERMEDAD, NOMBRE_ENFERMEDAD, ID_ESTADO) values (13,'Rinitis Alérgica',1);
insert into TBL_INFO_EMPLEADOS_ENFERMEDAD(ID_ENFERMEDAD, NOMBRE_ENFERMEDAD, ID_ESTADO) values (14,'Enfermedad  Oncológica',1);
insert into TBL_INFO_EMPLEADOS_ENFERMEDAD(ID_ENFERMEDAD, NOMBRE_ENFERMEDAD, ID_ESTADO) values (15,'Tiroides',1);
insert into TBL_INFO_EMPLEADOS_ENFERMEDAD(ID_ENFERMEDAD, NOMBRE_ENFERMEDAD, ID_ESTADO) values (16,'Otra',1);
commit;

create table TBL_INFO_EMPLEADO_DISP(
    ID_DISP INTEGER primary key,
    ESTADO_DISP VARCHAR(255),
    ID_ESTADO INTEGER,
    constraint FK_EMPLEADO_ESTADO foreign key (ID_ESTADO) references TBL_BOC_ESTADOS(ID_ESTADO)
);

insert into TBL_INFO_EMPLEADO_DISP(ID_DISP, ESTADO_DISP, ID_ESTADO) values (1, 'DISPONIBLE',1);
insert into TBL_INFO_EMPLEADO_DISP(ID_DISP, ESTADO_DISP, ID_ESTADO) values (2, 'OCUPADO',1);
insert into TBL_INFO_EMPLEADO_DISP(ID_DISP, ESTADO_DISP, ID_ESTADO) values (3, 'FUERA DE OFICINA',1);
commit;

create table TBL_INFO_EMPLEADO_PKG_OFFICE(
    ID_PAQUETE INTEGER primary key,
    NOMBRE_PAQUETE VARCHAR(255),
    ID_ESTADO INTEGER,
    constraint FK_PAQUETE_ESTADO foreign key (ID_ESTADO) references TBL_BOC_ESTADOS(ID_ESTADO)
);

insert into TBL_INFO_EMPLEADO_PKG_OFFICE(ID_PAQUETE, NOMBRE_PAQUETE, ID_ESTADO) VALUES(1, 'El Office 365 = (Web)', 1);
insert into TBL_INFO_EMPLEADO_PKG_OFFICE(ID_PAQUETE, NOMBRE_PAQUETE, ID_ESTADO) VALUES(2, 'Office 365 E3 = (Ofimatica Completa)', 1);
commit;

create table TBL_EDIFICIOS_TIGO(
    ID_EDIFICIO INTEGER primary key,
    EDIFICIO VARCHAR(250),
    ID_ESTADO INTEGER,
    ID_TERRITORIO INTEGER,
    constraint FK_EDIFICIO_ESTADO foreign key (ID_ESTADO) references TBL_BOC_ESTADOS(ID_ESTADO),
    constraint FK_EDIFICIO_TERRITORIO foreign key (ID_TERRITORIO) references TBL_BOC_TERRITORIOS(ID_TERRITORIO)
);

insert into TBL_EDIFICIOS_TIGO(ID_EDIFICIO,EDIFICIO,ID_ESTADO,ID_TERRITORIO) values (1,'Agencia Comayagua',1,1);
insert into TBL_EDIFICIOS_TIGO(ID_EDIFICIO,EDIFICIO,ID_ESTADO,ID_TERRITORIO) values (2,'Administrativo Altia SPS',1,1);
insert into TBL_EDIFICIOS_TIGO(ID_EDIFICIO,EDIFICIO,ID_ESTADO,ID_TERRITORIO) values (3,'Administrativo Creta Plaza TGA',1,1);
insert into TBL_EDIFICIOS_TIGO(ID_EDIFICIO,EDIFICIO,ID_ESTADO,ID_TERRITORIO) values (4,'Administrativo El Trapiche TGA',1,1);
insert into TBL_EDIFICIOS_TIGO(ID_EDIFICIO,EDIFICIO,ID_ESTADO,ID_TERRITORIO) values (5,'Administrativo Plaza Tigo Tegucigalpa',1,1);
insert into TBL_EDIFICIOS_TIGO(ID_EDIFICIO,EDIFICIO,ID_ESTADO,ID_TERRITORIO) values (6,'Administrativo Altia SPS',1,2);
insert into TBL_EDIFICIOS_TIGO(ID_EDIFICIO,EDIFICIO,ID_ESTADO,ID_TERRITORIO) values (7,'Agencia Mall Megaplaza La Ceiba',1,3);
commit;

create table TBL_BOC_TIPO_VEHICULO(
	ID_TIPO_VEHICULO INTEGER PRIMARY key,
	DESCRIPCION VARCHAR(400)
);

insert into TBL_BOC_TIPO_VEHICULO(id_tipo_veHICULO, DESCRIPCION) values (1, 'Carro');
insert into TBL_BOC_TIPO_VEHICULO(id_tipo_veHICULO, DESCRIPCION) values (2, 'Motocicleta');
insert into TBL_BOC_TIPO_VEHICULO(id_tipo_veHICULO, DESCRIPCION) values (3, 'N/A');
commit;

create table TBL_INFO_EMPLEADOS (
    ID_USUARIO INTEGER,
    ID_PAQUETE INTEGER,
    ID_TALLA INTEGER,
    ACERCA_DE TEXT,
    ID_ESTADO INTEGER,
    ID_EDIFICIO INTEGER,
    NUM_ESCRITORIO INTEGER,
    SERIE_MAQUINA VARCHAR(100),
    TIPO_SANGRE VARCHAR(100),
    DONANTE_SANGRE VARCHAR(2),
    CANTIDAD_HIJOS INTEGER,
    ESTUDIA VARCHAR(2),
    CARRERA VARCHAR(300),
    VOLUINTARIADO VARCHAR(2),
    NOMBRE_VOLUNTARIADO VARCHAR(300),
    EQUIPO_FUTBOL VARCHAR(300),
    VEHICULO VARCHAR(2),
    TIPO_VEHICULO VARCHAR(100),
    DIRECCION text,
    ID_DISP INTEGER,
    constraint FK_EMPLEADO_USUARIO foreign key (ID_USUARIO) references TBL_BOC_USUARIOS(ID_USUARIO),
    constraint FK_EMPLEADO_PAQUETE foreign key (ID_PAQUETE) references TBL_INFO_EMPLEADO_PKG_OFFICE(ID_PAQUETE),
    constraint FK_EMPLEADO_TALLA foreign key (ID_TALLA) references TBL_INFO_EMPLEADO_TALLAS(ID_TALLA),
    constraint FK_EMPLEADO_ESTADO foreign key (ID_ESTADO) references TBL_BOC_ESTADOS(ID_ESTADO),
    constraint FK_EMPLEADO_EDIFICIO foreign key (ID_EDIFICIO) references TBL_EDIFICIOS_TIGO(ID_EDIFICIO),
    constraint FK_EMPLEADO_DISP foreign key (ID_DISP) references TBL_INFO_EMPLEADO_DISP(ID_DISP)
);

insert into TBL_INFO_EMPLEADOS(
ID_USUARIO,ID_PAQUETE,ID_TALLA,ID_ESTADO,ID_EDIFICIO,NUM_ESCRITORIO,SERIE_MAQUINA,TIPO_SANGRE,DONANTE_SANGRE,
CANTIDAD_HIJOS,ESTUDIA,CARRERA,VOLUINTARIADO,NOMBRE_VOLUNTARIADO,EQUIPO_FUTBOL,VEHICULO,TIPO_VEHICULO,DIRECCION,ID_DISP) 
VALUES(936,2,2,1,4,980,'ABC','A+','SI',0,'NO',null,'NO',null,'Olimpia','SI',1,'Res. ',1);

insert into TBL_INFO_EMPLEADOS(
ID_USUARIO,ID_PAQUETE,ID_TALLA,ID_ESTADO,ID_EDIFICIO,NUM_ESCRITORIO,SERIE_MAQUINA,TIPO_SANGRE,DONANTE_SANGRE,
CANTIDAD_HIJOS,ESTUDIA,CARRERA,VOLUINTARIADO,NOMBRE_VOLUNTARIADO,EQUIPO_FUTBOL,VEHICULO,TIPO_VEHICULO,DIRECCION,ID_DISP) 
VALUES(4240,1,4,1,2,100,'ABC','O+','NO',2,'NO',null,'NO',null,'Motagua','SI',1,'Res. ',1);

insert into TBL_INFO_EMPLEADOS(
ID_USUARIO,ID_PAQUETE,ID_TALLA,ID_ESTADO,ID_EDIFICIO,NUM_ESCRITORIO,SERIE_MAQUINA,TIPO_SANGRE,DONANTE_SANGRE,
CANTIDAD_HIJOS,ESTUDIA,CARRERA,VOLUINTARIADO,NOMBRE_VOLUNTARIADO,EQUIPO_FUTBOL,VEHICULO,TIPO_VEHICULO,DIRECCION,ID_DISP) 
VALUES(5919,1,2,1,1,102,'ABC','O-','SI',0,'NO',null,'NO',null,'Platense','SI',1,'Res. ',1);

insert into TBL_INFO_EMPLEADOS(
ID_USUARIO,ID_PAQUETE,ID_TALLA,ID_ESTADO,ID_EDIFICIO,NUM_ESCRITORIO,SERIE_MAQUINA,TIPO_SANGRE,DONANTE_SANGRE,
CANTIDAD_HIJOS,ESTUDIA,CARRERA,VOLUINTARIADO,NOMBRE_VOLUNTARIADO,EQUIPO_FUTBOL,VEHICULO,TIPO_VEHICULO,DIRECCION,ID_DISP) 
VALUES(8200,2,3,1,1,103,'ABC','O+','SI',0,'NO',null,'NO',null,'Victoria','SI',1,'Res. ',1);
commit;

create table TBL_SO_FAVORITOS(
	ID_FAVORITO INTEGER primary key,
	ID_USUARIO INTEGER,
	ID_PERMISO INTEGER,
	FECHA_CREACION DATE,
	constraint FK_FAVORITO_USUARIO foreign key (ID_USUARIO) references TBL_BOC_USUARIOS(ID_USUARIO),
	constraint FK_FAVORITO_PERMISO foreign key (ID_PERMISO) references TBL_BOC_PERMISOS(ID_PERMISO)
);

insert into TBL_SO_FAVORITOS(ID_FAVORITO, ID_USUARIO, ID_PERMISO, FECHA_CREACION) values (1, 936, 1, CURRENT_DATE);
insert into TBL_SO_FAVORITOS(ID_FAVORITO, ID_USUARIO, ID_PERMISO, FECHA_CREACION) values (2, 4240, 2, CURRENT_DATE);
insert into TBL_SO_FAVORITOS(ID_FAVORITO, ID_USUARIO, ID_PERMISO, FECHA_CREACION) values (3, 5919, 3, CURRENT_DATE);
insert into TBL_SO_FAVORITOS(ID_FAVORITO, ID_USUARIO, ID_PERMISO, FECHA_CREACION) values (4, 8200, 1, CURRENT_DATE);
commit;

create table TBL_BOC_GERENCIAS(
	ID_GERENCIA INTEGER primary key,
	DESCRIPCION_GERENCIA VARCHAR(250),
	ID_PERMISO INTEGER,
	ID_ESTADO INTEGER,
	URL_IMAGE VARCHAR(300),
	constraint FK_GERENCIA_PERMISO foreign key (ID_PERMISO) references TBL_BOC_PERMISOS(ID_PERMISO),
	constraint FK_GERENCIA_ESTADO foreign key (ID_ESTADO) references TBL_BOC_ESTADOS(ID_ESTADO)
);

insert into TBL_BOC_GERENCIAS(ID_GERENCIA, DESCRIPCION_GERENCIA, ID_PERMISO, ID_ESTADO, URL_IMAGE) values (1, 'DIRECCION DE B2C', 1, 1, NULL);
insert into TBL_BOC_GERENCIAS(ID_GERENCIA, DESCRIPCION_GERENCIA, ID_PERMISO, ID_ESTADO, URL_IMAGE) values (2, 'DIRECCION DE B2B', 2, 1, NULL);
insert into TBL_BOC_GERENCIAS(ID_GERENCIA, DESCRIPCION_GERENCIA, ID_PERMISO, ID_ESTADO, URL_IMAGE) values (3, 'DIRECCION DE CUSTOMER EXPERIENCE', 3, 1, NULL);

create table TBL_BOC_COORDINACION(
	ID_COORDINACION INTEGER primary key,
	DESCRIPCION_COORDINACION VARCHAR(250),
	ID_GERENCIA INTEGER,
	ID_ESTADO INTEGER,
	ICONO VARCHAR(300),
	ORDEN INTEGER,
	NIVEL INTEGER,
	ID_PERMISO INTEGER,
	URL_IMAGE VARCHAR(400),
	constraint FK_COORDINACION_ESTADO foreign key (ID_ESTADO) references TBL_BOC_ESTADOS(ID_ESTADO),
	constraint FK_COORDINACION_GERENCIA foreign key (ID_GERENCIA) references TBL_BOC_GERENCIAS(ID_GERENCIA)
);

insert into TBL_BOC_COORDINACION(ID_COORDINACION, DESCRIPCION_COORDINACION, ID_GERENCIA, ID_ESTADO, ICONO, ORDEN, NIVEL, ID_PERMISO, URL_IMAGE) values (1, 'COORDINACION DE INTELIGENCIA COMERCIAL', 1, 1, null, 1, 1, 1, NULL);
insert into TBL_BOC_COORDINACION(ID_COORDINACION, DESCRIPCION_COORDINACION, ID_GERENCIA, ID_ESTADO, ICONO, ORDEN, NIVEL, ID_PERMISO, URL_IMAGE) values (2, 'JEFATURA DE COMISIONES', 1, 1, null, 1, 1, 2, NULL);
insert into TBL_BOC_COORDINACION(ID_COORDINACION, DESCRIPCION_COORDINACION, ID_GERENCIA, ID_ESTADO, ICONO, ORDEN, NIVEL, ID_PERMISO, URL_IMAGE) values (3, 'JEFATURA DMS', 1, 1, null, 1, 1, 3, NULL);
commit;

create table TBL_SO_NOTIFICACION_ESTADO(
	ID_ESTADO VARCHAR(1),
	DESCRIPCION_ESTADO VARCHAR(250)
);

insert into TBL_SO_NOTIFICACION_ESTADO(ID_ESTADO, DESCRIPCION_ESTADO) values ('A','Aprobado');
insert into TBL_SO_NOTIFICACION_ESTADO(ID_ESTADO, DESCRIPCION_ESTADO) values ('C','Cancelado');
insert into TBL_SO_NOTIFICACION_ESTADO(ID_ESTADO, DESCRIPCION_ESTADO) values ('E','En proceso');
insert into TBL_SO_NOTIFICACION_ESTADO(ID_ESTADO, DESCRIPCION_ESTADO) values ('P','Pendiente');
insert into TBL_SO_NOTIFICACION_ESTADO(ID_ESTADO, DESCRIPCION_ESTADO) values ('R','Rechazado');
commit;

create table TBL_SO_NOTIFICACIONES(
	ID_NOTIFICACION INTEGER primary KEY,
	ID_PERMISO INTEGER,
	DESCRIPCION VARCHAR(4000),
	ID_USUARIO INTEGER,
	ID_ESTADO INTEGER,
	FECHA_ATUALIZACION DATE,
	URL_PAGE VARCHAR(4000),
	PARAMETRO_ADICIONAL_1 VARCHAR(4000),
	PARAMETRO_ADICIONAL_2 VARCHAR(4000),
	PARAMETRO_ADICIONAL_3 VARCHAR(4000),
	PARAMETRO_ADICIONAL_4 VARCHAR(4000),
	PARAMETRO_ADICIONAL_5 VARCHAR(4000),
	constraint FK_NOTIFICACION_PERMISO foreign key (ID_PERMISO) references TBL_BOC_PERMISOS(ID_PERMISO),
	constraint FK_NOTIFICACION_USUARIO foreign key (ID_USUARIO) references TBL_BOC_USUARIOS(ID_USUARIO),
	constraint FK_NOTIFICACION_ESTADO foreign key (ID_ESTADO) references TBL_BOC_ESTADOS(ID_ESTADO)
);

insert into TBL_SO_NOTIFICACIONES(ID_NOTIFICACION,ID_PERMISO,DESCRIPCION,ID_USUARIO,ID_ESTADO,FECHA_ATUALIZACION) values (1,1,'Se le ha asignado una nueva solicitud de Linea de Empleado con ID: 127',936,1,CURRENT_DATE);
insert into TBL_SO_NOTIFICACIONES(ID_NOTIFICACION,ID_PERMISO,DESCRIPCION,ID_USUARIO,ID_ESTADO,FECHA_ATUALIZACION) values (2,2,'Se ha ingresado nueva oferta con ID: 295',4240,1,CURRENT_DATE);
insert into TBL_SO_NOTIFICACIONES(ID_NOTIFICACION,ID_PERMISO,DESCRIPCION,ID_USUARIO,ID_ESTADO,FECHA_ATUALIZACION) values (3,3,'SE LE HA ASIGNADO LA APROBACIÓN DE UN MEMORANDO CON ID: ',5919,1,CURRENT_DATE);
commit;

create table TBL_BOC_PLANTILLAS(
	ID_PLANTILLA INTEGER primary key,
	ID_PERMISO INTEGER,
	ID_USUARIO INTEGER,
	FECHA_AGREGA DATE,
	ID_ESTADO INTEGER,
	NOMBRE_ARCHIVO VARCHAR(500),
	ARCHIVO BYTEA,
	MIME_TYPE VARCHAR(1000),
	CHARSET VARCHAR(255),
	last_update DATE,
	nombre_reporte VARCHAR(100),
	constraint FK_PLANTILLA_PERMISO foreign key (ID_PERMISO) references TBL_BOC_PERMISOS(ID_PERMISO),
	constraint FK_PLANTILLA_USUARIO foreign key (ID_USUARIO) references TBL_BOC_USUARIOS(ID_USUARIO),
	constraint FK_PLANTILLA_ESTADO foreign key (ID_ESTADO) references TBL_BOC_ESTADOS(ID_ESTADO)
);
